<?xml version="1.0" encoding="UTF-8" ?>
<odoo>
    <!-- Categoría padre -->
    <record id="module_category_pelicula" model="ir.module.category">
        <field name="name">Pelicula</field>
        <field name="sequence">1</field>
    </record>

    <record id="module_category_pelicula_pelicula" model="ir.module.category">
        <field name="name">Pelicula</field>
        <field name="sequence">1</field>
        <field name="parent_id" ref="module_category_pelicula" />
    </record>

    <!-- Grupos -->
    <record id="group_pelicula_usuario" model="res.groups">
        <field name="name">Usuario: solo puede ver sus propios presupuestos</field>
        <field name="category_id" ref="module_category_pelicula_pelicula" />
    </record>

    <record id="group_pelicula_administrador" model="res.groups">
        <field name="name">Administrador: puede ver todo</field>
        <field name="category_id" ref="module_category_pelicula_pelicula"/>
        <field name="implied_ids" eval="[(4, ref('group_pelicula_usuario'))]" />
    </record>

    <record id="pelicula_presupuesto_propios_rule" model="ir.rule">
        <field name="name">Presupuestos de peliculas propios</field>
        <field name="model_id" ref="model_presupuesto" />
        <field name="domain_force">[('create_uid', '=', user.id)]</field>
        <field name="groups" eval="[(4, ref('group_pelicula_usuario'))]" />
    </record>

    <record id="pelicula_presupuesto_todos_rule" model="ir.rule">
        <field name="name">Prsupuesto de pelicula todos</field>
        <field name="model_id" ref="model_presupuesto"/>
        <field name="domain_force">[(1, '=', 1)]</field>
        <field name="groups" eval="[(4, ref('group_pelicula_administrador'))]" />
    </record>
</odoo>